Name,Level,Zone,Location,Bait
Malm Kelp,4,Limsa Lominsa Upper Decks,Limsa Lominsa Upper Decks,Pill Bug
Crayfish,2,Old Gridania,Old Gridania,Moth Pupa
Chub,3,Middle La Noscea,Rogue River,Moth Pupa
Merlthor Goby,3,Limsa Lominsa Lower Decks,Limsa Lominsa,Goby Ball
Lominsan Anchovy,3,Limsa Lominsa Lower Decks,Limsa Lominsa,Lugworm
Striped Goby,4,Central Shroud,The Vein,Moth Pupa
Dwarf Catfish,4,Middle La Noscea,Rogue River,Moth Pupa
Finger Shrimp,4,Limsa Lominsa Lower Decks,Limsa Lominsa,Lugworm
Bone Crayfish,5,Western Thanalan,Nophica's Wells,Moth Pupa
White Coral,5,Middle La Noscea,Summerford,Goby Ball
Princess Trout,5,Middle La Noscea,Rogue River,Moth Pupa
Ocean Cloud,6,Limsa Lominsa Lower Decks,Limsa Lominsa,Pill Bug
Dusk Goby,6,Lower La Noscea,The Mourning Widow,Crayfish Ball
Sea Cucumber,7,Middle La Noscea,Zephyr Drift,Pill Bug
Harbor Herring,7,Limsa Lominsa Lower Decks,Limsa Lominsa,Pill Bug
Pipira,7,Old Gridania,Gridania,Midge Basket
Crimson Crayfish,8,Lower La Noscea,Empty Heart,Bloodworm
Vongola Clam,8,Lower La Noscea,Moraby Bay,Pill Bug
Gudgeon,8,Old Gridania,Gridania,Crayfish Ball
Coral Butterfly,9,Limsa Lominsa Lower Decks,Limsa Lominsa,Goby Ball
Brass Loach,9,Central Shroud,The Vein,Crayfish Ball
Moraby Flounder,10,Lower La Noscea,Moraby Bay,Goby Ball
Maiden Carp,10,Old Gridania,Gridania,Crayfish Ball
Abalathian Smelt,35,Coerthas Central Highlands,Daniffen Pass,Honey Worm
Blindfish,31,Lower La Noscea,Blind Iron Mines,Spinnerbait
Pebble Crab,12,Lower La Noscea,Moraby Bay,Rat Tail
Mudskipper,13,Western Thanalan,The Footfalls,Bloodworm
Rainbow Trout,15,North Shroud,Fallgourd Float,Bloodworm
River Crab,15,East Shroud,Springripple Brook,Bloodworm
Tiger Cod,15,Lower La Noscea,Candlekeep Quay,Goby Ball
Ala Mhigan Fighting Fish,16,South Shroud,Fallgourd Float,Midge Basket
Helmet Crab,16,Western La Noscea,The Brewer's Beacon,Rat Tail
Faerie Bass,17,Western Thanalan,The Footfalls,Butterworm
Acorn Snail,17,Eastern Thanalan,North/South Drybone,Midge Basket
Rothlyt Oyster,17,Lower La Noscea,Candlekeep Quay,Rat Tail
Dark Sleeper,18,North Shroud,Fallgourd Float,Floating Minnow
La Noscean Perch,18,Middle La Noscea,Rogue River,Bass Ball
Navigator's Dagger,18,Western La Noscea,The Brewer's Beacon,Rat Tail
Moat Carp,19,Old Gridania,Old Gridania,Crow Fly
Angelfish,19,Middle La Noscea,Zephyr Drift,Rat Tail
Copperfish,20,Western Thanalan,Nophica's Wells,Midge Basket
Bluebell Salmon,20,East Shroud,Springripple Brook,Midge Basket
Razor Clam,20,Western La Noscea,Skull Valley,Rat Tail
Mudcrab,21,Eastern Thanalan,North/South Drybone,Streamer
Blue Octopus,21,Limsa Lominsa Lower Decks,Limsa Lominsa Lower Decks,Ocean Cloud
Tri-colored Carp,21,Central Shroud,The Mirror,Crow Fly
Eunuch Crayfish,22,Western Thanalan,Nophica's Wells,Copperfish
Jade Eel,22,Upper La Noscea,Oakwood,Crow Fly
Blowfish,22,Eastern La Noscea,Costa del Sol,Floating Minnow
Pond Mussel,23,Upper La Noscea,Oakwood,Brass Spoon Lure
Warmwater Trout,23,Upper La Noscea,Oakwood,Crow Fly
Glass Perch,24,Middle La Noscea,Woad Whisper Canyon,Butterworm
Four-eyed Fish,24,Upper La Noscea,Fool Falls,Butterworm
Saber Sardine,24,Western Thanalan,Crescent Cove,Floating Minnow
Black Eel,25,South Shroud,Upper Hathoeva River,Bass Ball
Dark Bass,25,Central Thanalan,Lower Soot Creek,Crow Fly
Blue Coral,25,Eastern La Noscea,South Bloodshore,Shrimp Cage Feeder
Ogre Barracuda,25,Middle La Noscea,Summerford,Harbor Herring
Aegis Shrimp,26,Central Thanalan,Lower Soot Creek,Bass Ball
Five-ilm Pleco,26,South Shroud,Goblinblood,Bass Ball
Monkfish,26,Western Thanalan,Crescent Cove,Heavy Steel Jig
Sea Bo,26,Lower La Noscea,The Salt Strand,Krill Cage Feeder
Climbing Perch,27,South Shroud,Lower Hathoeva River,Bass Ball
Shadow Catfish,27,North Shroud,Fallgourd Float,Ala Mhigan Fighting Fish
Bianaq Bream,27,Eastern La Noscea,South Bloodshore,Steel Jig
Black Ghost,28,South Shroud,Goblinblood,Ala Mhigan Fighting Fish
Black Sole,28,Lower La Noscea,The Salt Strand,Shrimp Cage Feeder
Lamprey,29,Southern Thanalan,Burnt Lizard Creek,Copperfish
Plaguefish,29,Southern Thanalan,Burnt Lizard Creek,Bass Ball
Hammerhead Shark,29,Western Thanalan,The Silver Bazaar,Steel Jig
Yugr'am Salmon,28,South Shroud,Lower Hathoeva River,Bass Ball
Sea Pickle,30,Eastern La Noscea,North Bloodshore,Spoon Worm
Spotted Pleco,30,East Shroud,Verdant Drop,Bass Ball
Lamp Marimo,31,Lower La Noscea,Blind Iron Mines,Spinnerbait
Indigo Herring,31,Western Thanalan,The Silver Bazaar,Krill Cage Feeder
Ropefish,32,Southern Thanalan,Forgotten Springs,Syrphid Basket
Ash Tuna,32,Eastern La Noscea,Costa del Sol,Spoon Worm
Grip Killifish,32,Lower La Noscea,Empty Heart,Chocobo Fly
Bone Cleaner,33,Eastern Thanalan,North/South Drybone,Syrphid Basket
Root Skipper,33,South Shroud,Rootslake,Silver Spoon Lure
Leafy Seadragon,33,Lower La Noscea,Cedarwood,Spoon Worm
Bonytongue,34,South Shroud,Goblinblood,Silver Spoon Lure
Fullmoon Sardine,34,Eastern La Noscea,South Bloodshore,Spoon Worm
Mitten Crab,34,South Shroud,Middle Hathoeva River,Silver Spoon Lure
Haraldr Haddock,34,Western Thanalan,Cape Westwind,Herring Ball
Monke Onke,33,Central Shroud,Everschade,Ala Mhigan Fighting Fish
Seema,35,South Shroud,Middle Hathoeva River,Silver Spoon Lure
Whitelip Oyster,35,Western La Noscea,Halfstone,Herring Ball
Sandfish,35,Southern Thanalan,Sagolii Desert,Sand Leech
Silverfish,36,The Goblet,The Goblet,Silver Spoon Lure
Clown Loach,36,Southern Thanalan,Forgotten Springs,Honey Worm
Sand Bream,36,Southern Thanalan,Sagolii Desert,Sand Leech
Lavender Remora,36,Eastern La Noscea,Costa del Sol,Steel Jig
Armored Pleco,37,South Shroud,Middle Hathoeva River,Silver Spoon Lure
Giant Bass,37,Coerthas Central Highlands,Coerthas River,Silver Spoon Lure
Desert Catfish,37,Southern Thanalan,Sagolii Dunes,Sand Leech
Balloonfish,37,Eastern La Noscea,North Bloodshore,Sinking Minnow
Velodyna Carp,38,South Shroud,Upper Hathoeva River,Sinking Minnow
Spotted Puffer,38,Western Thanalan,Crescent Cove,Krill Cage Feeder
Dustfish,38,Southern Thanalan,Sagolii Desert,Sand Leech
Golden Loach,39,Coerthas Central Highlands,Daniffen Pass,Honey Worm
Storm Rider,39,Southern Thanalan,Sagolii Desert,Sand Leech
Trader Eel,39,Eastern Thanalan,Yugr'am River,Honey Worm
Crimson Trout,40,Coerthas Central Highlands,Coerthas River,Honey Worm
Discus,40,Eastern La Noscea,Hidden Falls,Honey Worm
Antlion Slug,40,Southern Thanalan,Sagolii Desert,Sand Leech
Red Coral,40,Eastern La Noscea,North Bloodshore,Herring Ball
Bronze Lake Trout,41,Upper La Noscea,North Bronze Lake,Mythril Spoon Lure
Ignus Snail,41,Southern Thanalan,Zahar'ak,Stem Borer
Dune Manta,41,Southern Thanalan,Sagolii Desert,Storm Rider
Silver Shark,41,Middle La Noscea,Summerford,Merlthor Goby
Loyal Pleco,42,Eastern La Noscea,East Agelyss River,Stem Borer
Thunderbolt Sculpin,42,Eastern La Noscea,Raincatcher Gully,Mythril Spoon Lure
Fall Jumper,43,Upper La Noscea,Fool Falls,Copperfish
Knifefish,43,Eastern Thanalan,The Burning Wall,Stem Borer
Wahoo,43,Western La Noscea,Skull Valley,Merlthor Goby
Raincaller,43,Old Gridania,Old Gridania,Stem Borer
Oakroot,44,North Shroud,Proud Creek,Streamer
Common Sculpin,44,Upper La Noscea,Oakwood,Spinnerbait
Blacklip Oyster,44,Western La Noscea,Sapsa Spawning Grounds,Krill Cage Feeder
Southern Pike,45,North Shroud,Proud Creek,Streamer
Northern Pike,45,Coerthas Central Highlands,Exploratory Ice Hole,Topwater Frog
Kobold Puffer,45,Eastern La Noscea,Hidden Falls,Rainbow Spoon Lure
Nautilus,45,The Mist,The Mist,Fullmoon Sardine
Archerfish,45,Eastern La Noscea,East Agelyss River,Glowworm
Cloud Jellyfish,45,Coerthas Central Highlands,Sea of Clouds,Hoverworm
Goblin Perch,46,South Shroud,Goblinblood,Silverfish
Agelyss Carp,46,Eastern La Noscea,East Agelyss River,Streamer
Pike Eel,46,Western La Noscea,Isles of Umbra Northshore,Northern Krill
Assassin Betta,47,Mor Dhona,North Silvertear,Silverfish
Sludgeskipper,44,Eastern La Noscea,The Juggernaut,Glowworm
Skyfish,47,Coerthas Central Highlands,Sea of Clouds,Hoverworm
Mummer Wrasse,47,Western La Noscea,The Ship Graveyard,Glowworm
Cloud Cutter,48,Coerthas Central Highlands,Sea of Clouds,Hoverworm
Boltfish,48,Northern Thanalan,Ceruleum Field,Silverfish
Garpike,48,Northern Thanalan,Bluefog,Silverfish
Blind Manta,48,Coerthas Central Highlands,Sea of Clouds,Cloud Cutter
Plaice,48,Western La Noscea,The Ship Graveyard,Glowworm
Ilsabardian Bass,48,Mor Dhona,North Silvertear,Glowworm
Paglth'an Discus,49,Southern Thanalan,Zahar'ak,Caddisfly Larva
Boxing Pleco,49,South Shroud,Urth's Gift,Glowworm
Rift Sailor,49,Coerthas Central Highlands,Sea of Clouds,Hoverworm
Sea Devil,49,Western La Noscea,Cape Westwind,Yumizuno
Kissing Trout,50,Coerthas Central Highlands,Coerthas River,Striped Goby
Angry Pike,50,Coerthas Central Highlands,The Weeping Saint,Abalathian Smelt
Goldfish,50,The Goblet,The Goblet,Silverfish
Sagolii Monkfish,50,Southern Thanalan,Sagolii Desert,Sandfish
Saucerfish,50,Coerthas Central Highlands,Witchdrop,Cloud Cutter
Rock Lobster,50,Western Thanalan,The Silver Bazaar,Northern Krill
Vampire Lampern,50,Eastern La Noscea,The Juggernaut,Silverfish
Wandering Sculpin,50,Coerthas Central Highlands,Snowcloak,Caddisfly Larva
Goosefish,50,Western La Noscea,Skull Valley,Wahoo
Cave Cherax,50,Coerthas Central Highlands,Daniffen Pass,Abalathian Smelt
Coeurlfish,70,Upper La Noscea,Oakwood,Common Sculpin
Little Thalaos,55,Eastern La Noscea,Costa del Sol,Northern Krill
Shall Shell,55,Lower La Noscea,Candlekeep Quay,Northern Krill
Giant Donko,55,Outer La Noscea,The Long Climb,Caddisfly Larva
Sundisc,55,Eastern Thanalan,The Burning Wall,Caddisfly Larva
Mahi-Mahi,55,Lower La Noscea,Oschon's Torch,Yumizuno
Halibut,55,Western La Noscea,Swiftperch,Northern Krill
Alligator Garfish,55,Northern Thanalan,Bluefog,Common Sculpin
Wootz Knifefish,55,Northern Thanalan,Ceruleum Field,Goldfish
Giant Catfish,55,Upper La Noscea,North Bronze Lake,Silverfish
Caravan Eel,55,Southern Thanalan,Sagolii Dunes,Storm Rider
Mazlaya Marlin,50,Eastern La Noscea,North Bloodshore,Ogre Barracuda
Coelacanth,55,Western La Noscea,Isles of Umbra Southshore,Fullmoon Sardine
Cadaver Carp,70,Mor Dhona,The Tangle,Caddisfly Larva
Rhamphorhynchus,70,Coerthas Central Highlands,Witchdrop,Saucerfish
Giant Squid,55,Western La Noscea,The Ship Graveyard,Wahoo
Gigant Octopus,70,Western La Noscea,The Brewer's Beacon,Ogre Barracuda
Sunfish,50,Western La Noscea,Isles of Umbra Northshore,Ocean Cloud
Dinichthys,70,Western La Noscea,Reaver Hide,Wahoo
Mushroom Crab,55,East Shroud,Sylphlands,Common Sculpin
Judgment Staff,55,South Shroud,Rootslake,Caddisfly Larva
Poxpike,55,Mor Dhona,Rathefrost,Goldfish
Emperor Fish,55,Coerthas Central Highlands,The Nail,Abalathian Smelt
Bowfin,55,North Shroud,Lake Tahtotl,Goldfish
Heliobatis,70,Mor Dhona,North Silvertear,Caddisfly Larva
Megalodon,70,Western La Noscea,The Ship Graveyard,Wahoo
Titanic Sawfish,70,Western Thanalan,Cape Westwind,Wahoo
Takitaro,70,South Shroud,Urth's Gift,Streamer
Pirarucu,70,North Shroud,Proud Creek,Streamer
Morinabaligi,70,Mor Dhona,The North Shards,Goldfish
Jungle Catfish,55,Eastern La Noscea,Red Mantis Falls,Goldfish
Tiny Tortoise,50,Lower La Noscea,The Salt Strand,Yumizuno
Gigantpole,50,Eastern Thanalan,The Burning Wall,Topwater Frog
Zalera,70,Middle La Noscea,Zephyr Drift,Rat Tail
Beguiler Chub,70,Middle La Noscea,Rogue River,Moth Pupa
Oschon's Print,70,Lower La Noscea,Moraby Bay,Goby Ball
Caterwauler,70,Lower La Noscea,The Mourning Widow,Moth Pupa
Crystal Perch,80,Middle La Noscea,Woad Whisper Canyon,Butterworm
Moldva,80,East Shroud,Springripple Brook,Ala Mhigan Fighting Fish
Junkmonger,80,Western La Noscea,Skull Valley,Wahoo
Goldenfin,70,Limsa Lominsa Upper Decks,Limsa Lominsa Upper Decks,Pill Bug
Gigantshark,70,Middle La Noscea,Summerford,Harbor Herring
Armorer,75,Western La Noscea,Swiftperch,Northern Krill
Great Gudgeon,70,Middle La Noscea,West Agelyss River,Crayfish Ball
Dark Knight,80,Central Thanalan,The Unholy Heir,Crow Fly
Silver Sovereign,70,Lower La Noscea,Oschon's Torch,Yumizuno
Sabertooth Cod,70,Lower La Noscea,Candlekeep Quay,Goby Ball
Dream Goby,70,Central Thanalan,Upper Soot Creek,Crayfish Ball
Navigator's Brand,70,Western La Noscea,The Brewer's Beacon,Yumizuno
Dark Ambusher,80,East Shroud,Sweetbloom Pier,Striped Goby
Judgeray,80,North Shroud,Fallgourd Float,Wildfowl Fly
Bloody Brewer,70,New Gridania,Lower Black Tea Brook,Crayfish Ball
Faerie Queen,80,Lower La Noscea,Empty Heart,Spinnerbait
Slime King,70,Central Thanalan,Lower Soot Creek,Crayfish Ball
Blue Widow,80,North Shroud,Murmur Rills,Floating Minnow
Ghost Carp,80,Central Shroud,The Mirror,Butterworm
Carp Diem,70,Old Gridania,Upper Black Tea Brook,Crow Fly
Mud Pilgrim,80,Eastern Thanalan,South Drybone,Midge Basket
Old Softie,70,Central Thanalan,The Clutch,Bloodworm
Marrow Sucker,80,Eastern Thanalan,North Drybone,Syrphid Basket
Chirurgeon,70,Central Shroud,The Vein,Striped Goby
Mud Golem,70,Western Thanalan,The Footfalls,Butterworm
Octomammoth,70,Limsa Lominsa Lower Decks,Limsa Lominsa Lower Decks,Merlthor Goby
Matron Carp,70,Old Gridania,Whispering Gorge,Bloodworm
High Perch,70,Middle La Noscea,Nym River,Sinking Minnow
Syldra,70,Lower La Noscea,Cedarwood,Spoon Worm
Rivet Oyster,80,Western Thanalan,Vesper Bay,Heavy Steel Jig
Jacques the Snipper,70,Lower La Noscea,Moraby Drydocks,Goby Ball
Stormdancer,70,New Gridania,Jadeite Flood,Stem Borer
Glimmerscale,70,Western Thanalan,Nophica's Wells,Butterworm
Cupfish,80,Lower La Noscea,Blind Iron Mines,Syrphid Basket
Meteor Survivor,80,Lower La Noscea,The Salt Strand,Rat Tail
Joan of Trout,80,Upper La Noscea,Fool Falls,Crow Fly
Toramafish,80,Upper La Noscea,Oakwood,Common Sculpin
Fingers,80,Western Thanalan,Crescent Cove,Northern Krill
The Assassin,80,East Shroud,Sanctum of the Twelve,Butterworm
"Vip Viper ",80,South Shroud,Upper Hathoeva River,Butterworm
The Greatest Bream in the World,80,Eastern La Noscea,South Bloodshore,Shrimp Cage Feeder
Dirty Herry,80,Western Thanalan,The Silver Bazaar,Northern Krill
Old Hollow Eyes,80,Southern Thanalan,Burnt Lizard Creek,Copperfish
Sylphsbane,80,East Shroud,Verdant Drop,Copperfish
Floating Boulder,80,South Shroud,Lower Hathoeva River,Bass Ball
The Grinner,80,South Shroud,East Hathoeva River,Syrphid Basket
Shark Tuna,80,Eastern La Noscea,Costa del Sol,Fullmoon Sardine
Worm of Nym,80,Upper La Noscea,Bronze Lake Shallows,Butterworm
Twitchbeard,80,The Mist,The Mist,Fullmoon Sardine
The Warden's Wand,80,Eastern Thanalan,Yugr'am River,Honey Worm
Spearnose,80,The Goblet,The Goblet,Caddisfly Larva
Levinlight,80,Central Shroud,Everschade,Syrphid Basket
The Sinker,80,South Shroud,Middle Hathoeva River,Sinking Minnow
The Gobfather,80,South Shroud,Goblinblood,Silverfish
Sweetnewt,80,Lavender Beds,Lavender Beds,Ala Mhigan Fighting Fish
Bombardfish,80,Eastern La Noscea,North Bloodshore,Herring Ball
The Salter,80,Eastern La Noscea,Hidden Falls,Honey Worm
The Lone Ripper,80,Western La Noscea,Halfstone,Heavy Steel Jig
King of the Spring,80,Upper La Noscea,North Bronze Lake,Spinnerbait
Discobolus,80,Southern Thanalan,Zahar'ak,Glowworm
Iron Noose,80,Southern Thanalan,Forgotten Springs,Spinner
Olgoi-Khorkhoi,80,Southern Thanalan,Sagolii Dunes,Storm Rider
Magic Carpet,80,Southern Thanalan,Sagolii Desert,Storm Rider
Daniffen's Mark,80,Coerthas Central Highlands,Coerthas River,Wildfowl Fly
Charon's Lantern,80,Coerthas Central Highlands,Daniffen Pass,Glowworm
The Green Jester,80,Central Shroud,Hopeseed Pond,Honey Worm
Bloodbath,80,Central Shroud,Haukke Manor,Silverfish
Son of Levin,80,South Shroud,Rootslake,Caddisfly Larva
Thundergut,80,Outer La Noscea,The Long Climb,Stem Borer
The Drowned Sniper,80,Eastern La Noscea,East Agelyss River,Snurble Fly
The Terpsichorean,80,Eastern La Noscea,Raincatcher Gully,Honey Worm
Mirrorscale,80,Eastern La Noscea,The Juggernaut,Copperfish
Helmsman's Hand,80,Western La Noscea,Isles of Umbra Northshore,Ocean Cloud
The Thousand-Year Itch,80,Eastern Thanalan,The Burning Wall,Stem Borer
Hannibal,80,Northern Thanalan,Bluefog,Common Sculpin
Dawn Maiden,80,Coerthas Central Highlands,Dragonhead Latrines,Wildfowl Fly
Starbright,80,Coerthas Central Highlands,The Nail,Abalathian Smelt
The Matriarch,80,Coerthas Central Highlands,Exploratory Ice Hole,Abalathian Smelt
Shadowstreak,80,North Shroud,Proud Creek,Topwater Frog
The Captain's Chalice,80,Western La Noscea,Sapsa Spawning Grounds,Fullmoon Sardine
Anomalocaris,80,Coerthas Central Highlands,Sea of Clouds,Cloud Cutter
Frilled Shark,80,Western La Noscea,The Ship Graveyard,Giant Squid
Aetherlouse,80,Mor Dhona,North Silvertear,Glowworm
Imperial Goldfish,80,Eastern La Noscea,Red Mantis Falls,Silverfish
The Old Man in the Sea,80,Eastern La Noscea,Rhotano Sea (Privateer Forecastle),Ogre Barracuda
Nepto Dragon,80,Eastern La Noscea,Rhotano Sea (Privateer Sterncastle),Northern Krill
Coelacanthus,80,Western La Noscea,Isles of Umbra Southshore,Fullmoon Sardine
Endoceras,80,Western La Noscea,Isles of Umbra Southshore,Fullmoon Sardine
Seahag,80,Western La Noscea,Reaver Hide,Wahoo
Ignus Horn,80,Mor Dhona,The Deep Tangle,Glowworm
Void Bass,80,Mor Dhona,Rathefrost,Glowworm
Cornelia,80,North Shroud,Lake Tahtotl,Rainbow Spoon Lure
Ninja Betta,80,Mor Dhona,The Tangle,Assassin Betta
Canavan,80,Mor Dhona,The North Shards,Goldfish
Kuno the Killer,80,Mor Dhona,The North Shards,Assassin Betta
Pirate's Bane,80,Western Thanalan,Cape Westwind,Merlthor Goby
Ndendecki,80,Western Thanalan,Moondrip,Silverfish
Bat-o'-Nine-Tails,80,Western Thanalan,Parata's Peace,Silverfish
Wootz Knifefish Zenith,80,Northern Thanalan,Ceruleum Field,Silverfish
Helicoprion,80,Southern Thanalan,Sagolii Desert,Storm Rider
Darkstar,80,Coerthas Central Highlands,The Weeping Saint,Abalathian Smelt
Blue Corpse,80,Coerthas Central Highlands,Snowcloak,Caddisfly Larva
Mahar,80,Coerthas Central Highlands,Witchdrop,Cloud Cutter
Shonisaurus,80,Coerthas Central Highlands,Witchdrop,Mahar
Magicked Mushroom,80,East Shroud,Sylphlands,Common Sculpin
Giant Takitaro,80,South Shroud,Urth's Gift,Glowworm
Namitaro,80,South Shroud,Urth's Gift,Topwater Frog
Blood Red Bonytongue,80,Mor Dhona,Singing Shards,Silverfish
Gigant Clam,80,Eastern La Noscea,South Bloodshore,Heavy Steel Jig
Icepick,120,Coerthas Western Highlands,Unfrozen Pond,Stonefly Nymph
Cloud Coral,120,Coerthas Western Highlands,Greytail Falls,Balloon Bug
Ice Faerie,120,Coerthas Western Highlands,Unfrozen Pond,Stonefly Nymph
Skyworm,120,Coerthas Western Highlands,Greytail Falls,Balloon Bug
Coerthan Crab,125,Coerthas Western Highlands,Riversmeet,Stonefly Nymph
Fanged Clam,125,Coerthas Western Highlands,Ashpool,Goblin Jig
Lake Urchin,125,Coerthas Western Highlands,Ashpool,Stonefly Nymph
Whilom Catfish,125,Dravanian Forelands,The Smoldering Wastes,Blueclaw Shrimp
Blueclaw Shrimp,125,Dravanian Forelands,Whilom River,Stonefly Nymph
Starflower,120,The Sea of Clouds,Cloudtop,Red Balloon
Glacier Core,120,Coerthas Western Highlands,Greytail Falls,Red Balloon
Ogre Horn Snail,139,Coerthas Western Highlands,Dragonspit,Stonefly Nymph
Sorcerer Fish,125,Coerthas Western Highlands,Unfrozen Pond,Stonefly Nymph
Hotrod,125,Coerthas Western Highlands,Clearpool,Ice Faerie
Maiboi,130,The Sea of Clouds,Voor Sian Siran,Stonefly Nymph
Three-lip Carp,130,Dravanian Forelands,Whilom River,Stonefly Nymph
Bullfrog,136,Dravanian Hinterlands,Voor Sian Siran,Stonefly Nymph
Cloudfish,130,The Churning Mists,Voor Sian Siran,Stonefly Nymph
Mahu Wai,130,The Sea of Clouds,Cloudtop,Red Balloon
Rock Mussel,136,Dravanian Forelands,Whilom River,Stonefly Nymph
Buoyant Oviform,133,The Sea of Clouds,Cloudtop,Red Balloon
Whiteloom,130,The Sea of Clouds,The Blue Window,Red Balloon
Blue Cloud Coral,133,The Sea of Clouds,Cloudtop,Red Balloon
Seema Patrician,130,Coerthas Western Highlands,South Banepool,Goblin Jig
Ammonite,133,Coerthas Central Highlands,South Banepool,Goblin Jig
Bubble Eye,133,The Sea of Clouds,Voor Sian Siran,Purse Web Spider
Grass Carp,130,Dravanian Forelands,The Hundred Throes,Stonefly Nymph
Pipira Pira,145,Dravanian Forelands,Whilom River,Goblin Jig
Dravanian Squeaker,133,The Churning Mists,Weston Waters,Stonefly Nymph
Kissing Fish,133,The Churning Mists,Eil Tohn,Purse Web Spider
Mitre Slug,133,The Sea of Clouds,Cloudtop,Red Balloon
Lava Crab,133,Dravanian Forelands,Mourn,Magma Worm
Storm Core,133,The Sea of Clouds,The Blue Window,Red Balloon
Scholar Sculpin,133,Dravanian Hinterlands,Upper Thaliak River,Stonefly Nymph
Gigant Grouper,136,Coerthas Western Highlands,Ashpool,Goblin Jig
Vanuhead,136,The Sea of Clouds,The Eddies,Bullfrog
Marble Oscar,136,Dravanian Forelands,The Smoldering Wastes,Purse Web Spider
Lungfish,180,Azys Lla,The Pappus Tree,Aether Eye
Tigerfish,136,Dravanian Hinterlands,Quickspill Delta,Bullfrog
Sky Faerie,130,The Sea of Clouds,Landlord Colony,Red Balloon
Granite Crab,136,Dravanian Forelands,Mourn,Magma Worm
Aithon's Colt,136,Dravanian Forelands,West Mourn,Magma Worm
Shipworm,136,Dravanian Hinterlands,Thaliak River,Goblin Jig
Hedgemole Cricket,130,Dravanian Hinterlands,Voor Sian Siran,Purse Web Spider
Mogpom,136,The Churning Mists,Greensward,Goblin Jig
Magma Tree,136,Dravanian Forelands,West Mourn,Magma Worm
Cloud Rider,136,The Churning Mists,Landlord Colony,Red Balloon
Dravanian Bass,139,Dravanian Forelands,Whilom River,Blueclaw Shrimp
Coerthan Puffer,136,Coerthas Western Highlands,Riversmeet,Stonefly Nymph
Snowcaller,136,Coerthas Western Highlands,West Banepool,Ice Faerie
Dragonhead,136,Dravanian Forelands,The Iron Feast,Bladed Steel Jig
Mercy Staff,136,Coerthas Western Highlands,West Banepool,Ice Faerie
Rime Eater,136,Coerthas Western Highlands,Greytail Falls,Glacier Core
Warmwater Bichir,139,Dravanian Forelands,The Smoldering Wastes,Purse Web Spider
Noontide Oscar,139,The Churning Mists,Eil Tohn,Purse Web Spider
Shadowhisker,136,Dravanian Forelands,The Hundred Throes,Stonefly Nymph
Gobbie Mask,139,The Churning Mists,Sohm Al Summit,Red Balloon
Blue Medusa,139,The Churning Mists,Landlord Colony,Red Balloon
Cindersmith,139,Dravanian Forelands,Mourn,Magma Worm
Bullwhip,139,Azys Lla,Alpha Quadrant,Fiend Worm
TIny Axolotl,150,Azys Lla,The Pappus Tree,Purse Web Spider
High Allagan Helmet,139,Azys Lla,Alpha Quadrant,Platinum Fish
Platinum Fish,139,Azys Lla,Alpha Quadrant,Fiend Worm
Aether Eye,139,Azys Lla,Delta Quadrant,Purse Web Spider
Azysfish,139,Azys Lla,The Flagship,Fiend Worm
Crystalfin,145,Azys Lla,The Pappus Tree,Brute Leech
Sweetfish,136,Dravanian Hinterlands,Thaliak River,Goblin Jig
Orn Butterfly,142,Dravanian Hinterlands,Quickspill Delta,Purse Web Spider
Hundred Fin,142,The Churning Mists,Weston Waters,Goblin Jig
Autumn Leaf,142,Dravanian Hinterlands,Thaliak River,Purse Web Spider
Manasail,139,The Churning Mists,Tharl Oom Khash,Red Balloon
Sky Sweeper,142,The Sea of Clouds,The Blue Window,Sky Faerie
Magma Louse,142,Dravanian Forelands,Anyx Old,Granite Crab
Cometoise,142,Dravanian Forelands,Mourn,Granite Crab
Aetherochemical Compound #123,142,Azys Lla,Aetherochemical Spill,Platinum Fish
Brown Bolo,142,The Churning Mists,Tharl Oom Khash,Red Balloon
Philosopher's Stone,142,Dravanian Hinterlands,Thaliak River,Goblin Jig
Fountfish,145,Azys Lla,Delta Quadrant,Goblin Jig
Weston Bowfin,145,The Churning Mists,Weston Waters,Goblin Jig
Letter Puffer,145,The Churning Mists,Landlord Colony,Sky Faerie
Star Faerie,145,The Churning Mists,Sohm Al Summit,Red Balloon
Gloaming Coral,145,The Churning Mists,Landlord Colony,Red Balloon
Albino Octopus,145,Coerthas Central Highlands,Unfrozen Pond,Goblin Jig
Dragon's Soul,145,The Churning Mists,Landlord Colony,Sky Faerie
Tornado Shark,180,The Sea of Clouds,The Blue Window,Sky Faerie
Warballoon,145,Coerthas Western Highlands,Greytail Falls,Skyworm
Fossiltongue,145,Dravanian Forelands,Halo,Granite Crab
Proto-Hropken,145,Azys Lla,Aetherochemical Spill,Platinum Fish
Caiman,145,The Sea of Clouds,Voor Sian Siran,Bullfrog
Euphotic Pirarucu,180,Azys Lla,Delta Quadrant,Aether Eye
Illuminati Perch,145,Dravanian Hinterlands,Thaliak River,Goblin Jig
Rudderfish,145,The Churning Mists,Sohm Al Summit,Red Balloon
Bomb Puffer,148,Azys Lla,The Habisphere,Red Balloon
Mucous Minnow,145,Azys Lla,Hyperstellar Downconvertor,Fiend Worm
Unidentified Flying Biomass,150,Azys Lla,The Habisphere,Red Balloon
Hospitalier Fish,145,Coerthas Western Highlands,Dragonspit,Stonefly Nymph
Scorpionfly,145,The Sea of Clouds,Mok Oogl Island,Sky Faerie
Rockclimber,145,Azys Lla,Delta Quadrant,Purse Web Spider
Blood Skipper,145,Azys Lla,Alpha Quadrant,Fiend Worm
Cobrafish,148,The Churning Mists,Tharl Oom Khash,Rudderfish
Moogle Spirit,148,The Sea of Clouds,Mok Oogl Island,Sky Faerie
Oil Eel,148,Azys Lla,The Flagship,Fiend Worm
Jeweled Jellyfish,148,Azys Lla,The Flagship,Fiend Worm
Battle Galley,148,Coerthas Central Highlands,Ashpool,Abalathian Smelt
Yalm Lobster,148,The Sea of Clouds,Upper Thaliak River,Bladed Steel Jig
Hinterlands Perch,150,Dravanian Hinterlands,Thaliak River,Goblin Jig
Oven Catish,148,Dravanian Forelands,Mourn,Granite Crab
Pteranodon,145,The Churning Mists,Sohm Al Summit,Sky Faerie
Winged Gurnard,148,The Sea of Clouds,The Blue Window,Sky Faerie
Spring Urchin,180,Coerthas Western Highlands,Dragonspit,Bladed Steel Jig
Cherry Trout,148,Coerthas Western Highlands,Dragonspit,Bladed Steel Jig
Stupendemys,180,Azys Lla,The Habisphere,Rudderfish
Black Magefish,150,Dravanian Forelands,West Mourn,Granite Crab
Barreleye,180,Azys Lla,The Flagship,Platinum Fish
Thunderbolt Eel,150,Dravanian Forelands,The Iron Feast,Bladed Steel Jig
Catkiller,150,The Sea of Clouds,The Eddies,Bullfrog
Loosetongue,180,Dravanian Hinterlands,Upper Thaliak River,Sweetfish
Thaliak Caiman,150,Dravanian Forelands,Middle Thaliak River,Bullfrog
Lavalord,180,Dravanian Forelands,Halo,Granite Crab
Tupuxuara,150,Azys Lla,The Habisphere,Red Balloon
Vampiric Tapestry,150,The Sea of Clouds,Mok Oogl Island,Sky Faerie
Storm Chaser,180,The Churning Mists,Tharl Oom Khash,Rudderfish
Berserker Betta,180,Dravanian Hinterlands,Middle Thaliak River,Bullfrog
Capelin,180,Coerthas Western Highlands,Clearpool,Purse Web Spider
Functional Proto-Hropken,180,Azys Lla,The Flagship,Platinum Fish
Coerthan Clione,180,Coerthas Western Highlands,Unfrozen Pond,Ice Faerie
Dravanian Smelt,150,Dravanian Forelands,The Hundred Throes,Brute Leech
Heavens Coral,180,The Sea of Clouds,Mok Oogl Island,Giant Crane Fly
Sunsail,180,The Churning Mists,Landlord Colony,Giant Crane Fly
Goblin Bass,180,Dravanian Hinterlands,Middle Thaliak River,Sweetfish
Pterodactyl,150,The Diadem,Calm Cloudtop,Red Balloon
Eurhinosaur,180,The Diadem,Swirling Cloudtop,Red Balloon
Gem Marimo,150,The Diadem,Calm Cloudtop,Red Balloon
Crown Trout,150,The Diadem,Southern Diadem Lake,Stonefly Nymph
Retribution Staff,150,The Diadem,Secluded Diadem Pond,Goblin Jig
Thief Betta,180,The Diadem,Secluded Diadem Pond,Goblin Jig
Goldsmith Crab,150,The Diadem,Diadem Grotto,Brute Leech
Amber Salamander,210,Dravanian Forelands,The Iron Feast,Stonefly Nymph
Gnomefish,190,Dravanian Hinterlands,Quickspill Delta,Purse Web Spider
Fleece Stingray,210,The Sea of Clouds,Cloudtop,Giant Crane Fly
Nyctosaur,210,The Churning Mists,Tharl Oom Khash,Giant Crane Fly
Lava Snail,210,Dravanian Forelands,Halo,Magma Worm
Priestfish,210,Coerthas Western Highlands,Clearpool,Brute Leech
Coerthan Oyster,210,Coerthas Western Highlands,West Banepool,Brute Leech
Oliphant's Trunk,210,Azys Lla,Hyperstellar Downconvertor,Fiend Worm
Mountain Kraken,210,Coerthas Western Highlands,South Banepool,Brute Leech
Armored Catfish,210,Dravanian Hinterlands,Upper Thaliak River,Brute Leech
Magic Bucket,60,Coerthas Western Highlands,South Banepool,Brute Leech
Fat Purse,210,Coerthas Western Highlands,Riversmeet,Brute Leech
The Impaler,210,Coerthas Western Highlands,Dragonspit,Brute Leech
La Reale,210,Coerthas Western Highlands,Ashpool,Brute Leech
Scaleripper,210,Dravanian Forelands,The Hundred Throes,Brute Leech
The Dreamweaver,210,Dravanian Forelands,The Smoldering Wastes,Brute Leech
Meteortoise,210,Dravanian Forelands,Mourn,Granite Crab
The Ewer King,210,Dravanian Hinterlands,Thaliak River,Sweetfish
Vidofnir,210,The Churning Mists,Eil Tohn,Brute Leech
The Soul of the Martyr,210,The Churning Mists,Landlord Colony,Great Crane Fly
Inkfish,210,The Sea of Clouds,Voor Sian Siran,Brute Leech
The Second One,190,The Sea of Clouds,The Blue Window,Great Crane Fly
Augmented High Allagan Helmet,210,Azys Lla,Alpha Quadrant,Platinum Fish
Aphotic Pirarucu,210,Azys Lla,Delta Quadrant,Aether Eye
Dimorphodon,240,The Churning Mists,Sohm Al Summit,Rudderfish
Basking Shark,240,The Sea of Clouds,Mok Oogl Island,Sky Faerie
Allagan Bladeshark,240,Azys Lla,The Flagship,Platinum Fish
Hailfinder,230,Coerthas Western Highlands,Greytail Falls,Glacier Core
Flarefish,230,Coerthas Western Highlands,Unfrozen Pond,Ice Faerie
Twin-Tongued Carp,230,Dravanian Forelands,Whilom River,Brute Leech
Madam Butterfly,230,Dravanian Hinterlands,Quickspill Delta,Hedgemole Cricket
Moggle Mogpom,220,The Churning Mists,Greensward,Brute Leech
Cirrostratus,230,The Sea of Clouds,Cloudtop,Giant Crane Fly
Hraesvelgr's Tear,220,Dravanian Forelands,West Mourn,Magma Worm
Aetherochemical Compound #666,230,Azys Lla,Aetherochemical Spill,Platinum Fish
Hundred-Eyed Axolotl,230,Azys Lla,The Pappus Tree,Aether Eye
Bobgoblin Bass,230,Dravanian Hinterlands,Middle Thaliak River,Sweetfish
Merciless,220,Coerthas Western Highlands,West Banepool,Ice Faerie
Bishopfish,250,Coerthas Western Highlands,Clearpool,Brute Leech
Captain Nemo,240,Coerthas Western Highlands,South Banepool,Brute Leech
Paikiller,240,The Sea of Clouds,The Eddies,Bullfrog
Ceti,240,Azys Lla,Hyperstellar Downconvertor,Fiend Worm
Crystal Pigeon,240,Azys Lla,The Habisphere,Rudderfish
Thunderscale,230,Dravanian Forelands,The Iron Feast,Blueclaw Shrimp
Riddle,240,Dravanian Forelands,Anyx Old,Granite Crab
The Lord of Lords,230,Dravanian Forelands,Halo,Granite Crab
The Speaker,240,Dravanian Hinterlands,Upper Thaliak River,Hedgemole Cricket
Thousand Fin,230,The Churning Mists,Weston Waters,Brute Leech
Bloodchaser,250,The Churning Mists,Tharl Oom Khash,Giant Crane Fly
Problematicus,250,Dravanian Forelands,Halo,Granite Crab
Opabinia,250,Azys Lla,The Flagship,Platinum Fish
Armor Fish,250,Dravanian Hinterlands,Upper Thaliak River,Hedgemole Cricket
Sea Butterfly,250,The Sea of Clouds,Mok Oogl Island,Great Crane Fly
Charibenet,250,Coerthas Western Highlands,Clearpool,Ice Faerie
Raimdellopterus,250,The Churning Mists,Tharl Oom Khash,Rudderfish
Thavnairian Leaf,142,Dravanian Hinterlands,Upper Thaliak River,Stonefly Nymph
Ghost Faerie,145,Coerthas Western Highlands,Clearpool,Stonefly Nymph
Red Sky Coral,148,The Sea of Clouds,The Eddies,Bladed Steel Jig
Lovers' Clam,150,The Churning Mists,Weston Waters,Bladed Steel Jig
River Shrimp,160,Dravanian Forelands,The Hundred Throes,Brute Leech
Peteinosaur,220,The Diadem,Swirling Cloudtop,Giant Crane Fly
Comet Minnow,205,Rhalgr's Reach,The Outer Fist,Pot of Salmon Roe
Golden Cichlid,205,Rhalgr's Reach,Rhalgr's Reach,Pot of Salmon Roe
Abalathian Bitterling,205,Rhalgr's Reach,Upper Mirage Creek,Pot of Salmon Roe
Idle Goby,205,The Peaks,The Slow Wash,Pot of Salmon Roe
Steelhead Trout,205,The Fringes,Timmon Beck,Pot of Salmon Roe
Broken Crab,205,Rhalgr's Reach,Upper Mirage Creek,Pot of Salmon Roe
Miounnefish,205,The Fringes,Timmon Beck,Balloon Frog
Temple Carp,205,Rhalgr's Reach,Rhalgr's Reach,Pot of Salmon Roe
Balloon Frog,205,The Fringes,Timmon Beck,Pot of Salmon Roe
Lantern Marimo,205,Rhalgr's Reach,The Outer Fist,Pot of Salmon Roe
Rapids Jumper,220,The Peaks,The Slow Wash,Pot of Salmon Roe
Adamantite Bichir,205,The Peaks,Heather Falls,Suspending Minnow
Bone Melter,205,The Fringes,The Comet's Tail,Pot of Salmon Roe
Fallen Leaf,210,The Fringes,Dimwold,Pot of Salmon Roe
Velodyna Grass Carp,205,The Fringes,The Velodyna River,Nightcrawler
Highland Perch,215,The Fringes,Mirage Creek,Pot of Salmon Roe
Greenstream Loach,210,The Fringes,The Velodyna River,Nightcrawler
Mirage Chub,210,The Fringes,Mirage Creek,Pot of Salmon Roe
Padjali Loach,210,The Fringes,Dimwold,Pot of Salmon Roe
Gyr Abanian Trout,210,Rhalgr's Reach,Upper Mirage Creek,Suspending Minnow
Bloodsipper,210,The Fringes,The Velodyna River,Pot of Salmon Roe
Monk Betta,210,Rhalgr's Reach,Rhalgr's Reach,Pot of Salmon Roe
Gilfish,210,Rhalgr's Reach,The Outer Fist,Nightcrawler
Falling Star,210,The Fringes,The Comet's Tail,Suspending Minnow
Capsized Squeaker,210,The Fringes,The Comet's Tail,Suspending Minnow
Nirvana Crab,210,The Fringes,The Comet's Tail,Suspending Minnow
Gravel Gudgeon,210,The Fringes,Mirage Creek,Pot of Salmon Roe
Grinning Anchovy,210,The Ruby Sea,The Ruby Price,Live Shrimp
Glass Herring,210,The Ruby Sea,The Ruby Price,Live Shrimp
Hellyfish,210,The Ruby Sea,Hell's Lid,Live Shrimp
Ruby Coral,210,The Ruby Sea,Shoal Rock,Live Shrimp
Sapphire Coral,210,The Ruby Sea,Shoal Rock,Live Shrimp
Bone Coral,210,The Ruby Sea,Shoal Rock,Live Shrimp
Ruby Shrimp,210,The Ruby Sea,Hell's Lid,Live Shrimp
Coeurl Snake Eel,215,The Ruby Sea,The Ruby Price,Live Shrimp
Heather Charr,215,The Peaks,The Slow Wash,Suspending Minnow
Electric Catfish,215,Rhalgr's Reach,Rhalgr's Reach,Pot of Salmon Roe
Death Loach,215,The Peaks,Grymm & Enid,Pot of Salmon Roe
Grymm Crab,215,The Peaks,Grymm & Enid,Suspending Minnow
Invisible Crayfish,215,The Peaks,The Slow Wash,Suspending Minnow
Abalathian Salamander,215,The Peaks,Heather Falls,Suspending Minnow
Cave Killifish,215,The Fringes,Dimwold,Pot of Salmon Roe
Rhalgr's Bolt,215,The Fringes,Mirage Creek,Pot of Salmon Roe
Butterfly Fish,215,The Ruby Sea,Shoal Rock,Live Shrimp
Dafu,215,The Ruby Sea,The Isle of Bekko,Ruby Shrimp
Leaf Tatsunoko,215,The Ruby Sea,Onokoro,Live Shrimp
Glass Flounder,215,The Ruby Sea,Onokoro,Ruby Shrimp
Gliding Fish,215,The Ruby Sea,Isari,Live Shrimp
Globefish,215,The Ruby Sea,Isari,Live Shrimp
Fan Clam,215,The Ruby Sea,Isari,Live Shrimp
Striped Fugu,215,Shirogane,Shirogane,Live Shrimp
Ruby Meagre,220,The Ruby Sea,Isari,Live Shrimp
River Barramundi,220,Yanxia,The Heron's Way,Nightcrawler
Nogoi,220,Yanxia,Namai,Nightcrawler
Pagan Pirarucu,220,Rhalgr's Reach,Rhalgr's Reach,Pot of Salmon Roe
Enid Shrimp,220,The Peaks,Grymm & Enid,Suspending Minnow
Black Velodyna Carp,220,The Fringes,The Velodyna River,Nightcrawler
Yanxian Koi,220,Yanxia,The One River (East),Nightcrawler
Longhair Catfish,220,Yanxia,The One River (East),Suspending Minnow
Doman Trout,220,Yanxia,The Heron's Way,Midge Larva
Yanxian Barramundi,225,Yanxia,The One River (East),Nightcrawler
Tail Mountains Minnow,225,The Azim Steppe,Upper Yat Khaal,Midge Larva
Killifish,225,Shirogane,The Silver Canal,Midge Larva
Doman Crayfish,225,Yanxia,The Heron's Nest,Midge Larva
Othardian Trout,225,The Azim Steppe,Nem Khaal,Stonefly Larva
Zagas Khaal,225,The Azim Steppe,Hak Khaal,Stonefly Larva
Steppe Skipper,225,The Azim Steppe,Nem Khaal,Midge Larva
Sun Bass,225,The Azim Steppe,Azim Khaat,Stonefly Larva
Dawn Crayfish,225,The Azim Steppe,Nem Khaal,Midge Larva
Curtain Pleco,230,The Azim Steppe,Hak Khaal,Midge Larva
Yat Goby,230,The Azim Steppe,Lower Yat Khaal,Midge/Stonefly Larva
Nhaama's Boon,230,The Azim Steppe,Dotharl Khaa,Midge Larva
Doman Eel,230,Yanxia,Prism Canyon,Midge Larva
Brassfish,230,Shirogane,The Silver Canal,Nightcrawler
Dry Steppe Skipper,230,The Azim Steppe,Hak Khaal,Midge Larva
Skytear,230,The Azim Steppe,Upper Yat Khaal,Midge Larva
Dusk Crayfish,230,The Azim Steppe,Hak Khaal,Midge Larva
Bowfish,230,The Azim Steppe,Tao Khaal,Suspending Minnow
Jade Sculpin,230,The Azim Steppe,Lower Yat Khaal,Midge Larva
Hardscale,230,The Azim Steppe,Azim Khaat,Midge Larva
Doman Grass Carp,245,Yanxia,Mercantile Docks,Midge Larva
Samurai Fish,245,Yanxia,Doma Castle,Midge Larva
Tao Bitterling,245,The Azim Steppe,Tao Khaal,Suspending Minnow
Blank Oscar,290,Yanxia,Doma Castle,Midge Larva
Dragonfish,245,Yanxia,Doma Castle,Midge Larva
Lordly Salmon,220,Yanxia,The One River (East),Suspending Minnow
Yellow Prismfish,260,Yanxia,Prism Lake,Stonefly Larva
Blue Prismfish,260,Yanxia,Prism Lake,Suspending Minnow
Bull's Bite,260,The Peaks,The Bull's Breath,Suspending Minnow
Peeping Pisces,260,The Peaks,The Bull's Bath,Suspending Minnow
Gigant Bass,260,The Peaks,The Arms of Meed,Suspending Minnow
Daio Squid,260,The Ruby Sea,The Isle of Zekki,Bream Lure
Koromo Octopus,260,The Ruby Sea,The Isle of Zekki,Bream Lure
Glass Tuna,260,Kugane,Kugane Piers,Ruby Shrimp
Raitonfish,260,Yanxia,Doma Castle,Midge Larva
Eastern Pike,260,The Peaks,The Arms of Meed,Suspending Minnow
Rock Saltfish,275,The Lochs,Loch Seld,Silkworm
Tawny Wench Shark,275,The Ruby Sea,The Isle of Bekko,Blue Bobbit
Zekki Grouper,275,The Ruby Sea,The Isle of Zekki,Ruby Shrimp
Saltshield Snapper,275,The Lochs,Loch Seld,Silkworm
Meditator,275,The Peaks,The Bull's Bath,Suspending Minnow
Stonytongue,275,The Peaks,The Ephor,Stonefly Larva
Scimitarfish,275,The Peaks,The Arms of Meed,Suspending Minnow
Blockhead,275,The Ruby Sea,Hell's Lid,Ruby Shrimp
Kotsu Zetsu,275,Yanxia,The One River (East),Suspending Minnow
Pandamoth,275,Yanxia,Plum Spring,Stonefly Larva
Liopleurodon,290,The Ruby Sea,Hell's Lid,Ruby Shrimp
Ala Mhigan Ribbon,290,The Peaks,The Arms of Meed,Suspending Minnow
Seraphim,290,Yanxia,The One River (West),Stonefly Larva
Blackfin Snake Eel,290,The Ruby Sea,Onokoro,Blue Bobbit/Ruby Shrimp
Sweatfish,290,The Azim Steppe,Azim Khaat,Stonefly Larva
Hak Bitterling,290,The Azim Steppe,Hak Khaal,Stonefly Larva
Whitehorse,275,The Lochs,Loch Seld,Silkworm
Sculptor,290,The Lochs,Loch Seld,Rock Saltfish
Pearl-Eye,290,The Lochs,Loch Seld,Rock Saltfish
Steelshark,290,The Peaks,Heather Falls,Stonefly Larva
Harutsuge,225,The Ruby Sea,Shoal Rock,Blue Bobbit
Silken Koi,290,Yanxia,Plum Spring,Stonefly Larva
Hanatatsu,215,Kugane,Kugane Piers,Ruby Shrimp
Deemster,290,The Peaks,The Ephor,Stonefly Larva
Swordfish,290,The Ruby Sea,Onokoro,Blue Bobbit
Plum Gazer,225,Yanxia,Plum Spring,Suspending Minnow
Zekki Gator,275,The Ruby Sea,The Isle of Zekki,Ruby Shrimp
Wraithfish,290,The Fringes,Dimwold,Stonefly Larva
Castaway Chocobo Chick,63,Eastern La Noscea,North Isle of Endless Summer,Wahoo
Little Perykos,80,Eastern La Noscea,North Isle of Endless Summer,Wahoo
Cardinalfish,300,The Fringes,The Comet's Tail,Suspending Minnow
Rockfish,300,The Peaks,The Arms of Meed,Suspending Minnow
Ukiki,300,The Ruby Sea,Hell's Lid,Blue Bobbit
Violet Prismfish,300,Yanxia,Prism Lake,Stonefly Larva
Guppy,300,The Azim Steppe,Azim Khaat,Stonefly Larva
Gyr Abanian Chub,205,The Fringes,Timmon Beck,Pot of Salmon Roe
Coral Horse,210,The Ruby Sea,The Ruby Price,Live Shrimp
Maiden's Heart,215,Yanxia,The Heron's Nest,Nightcrawler
Velodyna Salmon,220,The Fringes,The Velodyna River,Nightcrawler
Purple Buckler,225,The Peaks,Heather Falls,Midge Larva
Mirage Mahi,320,The Fringes,Mirage Creek,Stonefly Larva
Triplespine,320,The Ruby Sea,Isari,Blue Bobbit
Alligator Snapping Turtle,320,The Peaks,The Bull's Bath,Suspending Minnow
Redtail,320,Rhalgr's Reach,The Outer Fist,Balloon Frog
Usuginu Octopus,320,The Ruby Sea,The Isle of Bekko,Live Shrimp
Saltmill,320,The Lochs,Loch Seld,Rock Saltfish
Bonsai Fish,320,Shirogane,The Silver Canal,Nightcrawler
Ribbon Eel,320,Kugane,Kugane Piers,Ruby Shrimp
Red Prismfish,320,Yanxia,Prism Lake,Stonefly Larva
Elder Gourami,320,The Azim Steppe,Tao Khaal,Zagas Khaal
Shrieker,290,The Ruby Sea,Hell's Lid,Ruby Shrimp
White Goldfish,290,Yanxia,Prism Lake,Red Prismfish
Firelight Goldfish,320,Yanxia,Prism Lake,Red Prismfish
Hookstealer,320,Rhalgr's Reach,Upper Mirage Creek,Gyr Abanian Trout
Sapphire Fan,320,The Fringes,Dimwold,Stonefly Larva
The Archbishop,320,The Fringes,The Comet's Tail,Suspending Minnow
Bondsplitter,320,The Peaks,Grymm & Enid,Suspending Minnow
The Undecided,320,The Peaks,The Slow Wash,Gyr Abanian Trout
Diamond-Eye,320,The Lochs,Loch Seld,Rock Saltfish
Rising Dragon,320,Kugane,Kugane Piers,Ruby Shrimp
The Gambler,320,Shirogane,Shirogane,Blue Bobbit
The Winter Queen,320,The Ruby Sea,Shoal Rock,Blue Bobbit
Rakshasa,320,The Ruby Sea,The Isle of Zekki,Ruby Shrimp
Bokuden,320,Yanxia,Doma Castle,Stonefly Larva
Hagoromo Koi,320,Yanxia,Plum Spring,Stone Larva
The Word of God,320,The Azim Steppe,Tao Khaal,Stonefly Larva
Yat Khan,320,The Azim Steppe,Lower Yat Khaal,Stonefly Larva
Curefish,205,The Peaks,Grymm & Enid,Pot of Salmon Roe
Lake Sphairai,210,The Fringes,The Comet's Tail,Pot of Salmon Roe
Warmscale Pleco,215,Coerthas Western Highlands,West Banepool,Stonefly Nymph
Shirogane Clam,220,The Ruby Sea,Isari,Live Shrimp
Illuminati Mask,225,The Churning Mists,Weston Waters,Purse Web Spider
Sunshell,145,The Azim Steppe,Upper Yat Khaal,Pot of Salmon Roe
Steppe Barramundi,148,The Azim Steppe,Dotharl Khaa,Pot of Salmon Roe
Water Fan,150,The Azim Steppe,Azim Khaat,Pot of Salmon Roe
Arrowhead Snail,150,The Azim Steppe,Dotharl Khaa,Pot of Salmon Roe
Invisible Catfish,150,The Azim Steppe,Nem Khaal,Pot of Salmon Roe
Khaal Crab,145,The Azim Steppe,Hak Khaal,Pot of Salmon Roe
Fish Offering,145,The Azim Steppe,Tao Khaal,Pot of Salmon Roe
Fatty Eel,145,The Azim Steppe,Upper Yat Khaal,Pot of Salmon Roe
Crimson Copperfish,145,The Azim Steppe,Lower Yat Khaal,Pot of Salmon Roe
Zagas A'Khaal,145,The Azim Steppe,Tao Khaal,Pot of Salmon Roe
Gigas Catish,148,The Azim Steppe,Azim Khaat,Pot of Salmon Roe
Rainbow Killifish,148,The Azim Steppe,Nem Khaal,Pot of Salmon Roe
Steppe Sweetfish,148,The Azim Steppe,Tao Khaal,Pot of Salmon Roe
Greasy Strangler,148,The Azim Steppe,Azim Khaat,Pot of Salmon Roe
Grass Shrimp,148,The Azim Steppe,Nem Khaal,Pot of Salmon Roe
Flagon Clam,148,The Azim Steppe,Hak Khaal,Pot of Salmon Roe
Moon Oyster,150,The Azim Steppe,Tao Khaal,Pot of Salmon Roe
Leatherscale,150,The Azim Steppe,Upper Yat Khaal,Pot of Salmon Roe
Dusk Scallop,150,The Azim Steppe,Lower Yat Khaal,Pot of Salmon Roe
Spikefish,150,The Azim Steppe,Azim Khaat,Pot of Salmon Roe
Nhaama's Claw,150,The Azim Steppe,Nem Khaal,Pot of Salmon Roe
Spearhead Snail,150,The Azim Steppe,Hak Khaal,Pot of Salmon Roe
Granite Hardscale,150,The Azim Steppe,Lower Yat Khaal,Pot of Salmon Roe
Plump Trout,150,The Azim Steppe,Dotharl Khaa,Pot of Salmon Roe
Appleseed,150,The Azim Steppe,Upper Yat Khaal,Pot of Salmon Roe
Crawling Cog,150,The Azim Steppe,Dotharl Khaa,Pot of Salmon Roe
Fishy Fish,150,The Azim Steppe,Lower Yat Khaal,Pot of Salmon Roe
Indigo Prismfish,320,Yanxia,Prism Lake,Violet Prismfish
Green Prismfish,320,Yanxia,Prism Lake,Stonefly Larva
Watcher Catfish,340,Rhalgr's Reach,Rhalgr's Reach,Gyr Abanian Trout
Bloodtail Zombie,340,Rhalgr's Reach,The Outer Fist,Balloon Frog
Hardhead Trout,340,The Fringes,Timmon Beck,Stonefly Larva
Downstream Loach,340,The Fringes,The Velodyna River,Stonefly Larva
Corpse Chub,340,The Fringes,Mirage Creek,Suspending Minnow
The Last Tear,340,The Peaks,Heather Falls,Pot of Salmon Roe
Hemon,340,The Peaks,The Bull's Bath,Suspending Minnow
Moksha,340,The Peaks,The Ephor,Suspending Minnow
Princess Killifish,340,Shirogane,The Silver Canal,Nightcrawler
Ku'er,340,The Ruby Sea,The Ruby Price,Blue Bobbit
Argonautica,340,The Ruby Sea,Onokoro,Ruby Shrimp
Hagoromo Bijin,340,Yanxia,The One River (West),Stonefly Larva
Duskfish,340,The Azim Steppe,Azim Khaat,Zaghas Khaal
Blade Skipper,340,The Azim Steppe,Upper Yat Khaal,Suspending Minnow
Lily of the Veil,340,The Peaks,The Arms of Meed,Suspending Minnow
The Vegetarian,340,The Ruby Sea,Hell's Lid,Ruby Shrimp
Seven Stars,340,The Ruby Sea,The Isle of Bekko,Blue Bobbit
Pinhead,340,The Ruby Sea,Isari,Live Shrimp
Pomegranate Trout,340,Yanxia,The Heron's Nest,Nightcrawler
Glarramundi,340,Yanxia,The Heron's Way,Suspending Minnow
Hermit's End,340,Yanxia,Namai,Stonefly Larva
Suiten Ippeki,340,Yanxia,Mercantile Docks,Stonefly Larva
Axelrod,340,Yanxia,The One River (East),Stonefly Larva
The Unraveled Bow,340,Yanxia,Prism Canyon,Suspending Minnow
Nhaama's Treasure,340,The Azim Steppe,Dotharl Khaa,Suspending Minnow
Garden Skipper,340,The Azim Steppe,Nem Khaal,Midge Larva
Banderole,340,The Azim Steppe,Hak Khaal,Zagas Khaal
Northern Oyster,230,Coerthas Western Highlands,Ashpool,Stonefly Nymph
Ruby Laver,245,The Ruby Sea,Shoal Rock,Live Shrimp
Chakrafish,260,The Fringes,Dimwold,Pot of Salmon Roe
Wicked Wartfish,275,The Ruby Sea,Hell's Lid,Bream Lure
Othardian Salmon,290,Yanxia,The One River (East),Nightcrawler
Xenacanthus,360,The Fringes,Timmon Beck,Hardhed Trout
Drepanaspis,370,The Peaks,Grymm & Enid,Suspending Minnow
Stethacanthus,370,The Lochs,Loch Seld,Rock Saltfish
The Ruby Dragon,380,The Ruby Sea,The Ruby Price,Ku'er
Warden of the Seven Hues,380,Yanxia,Prism Lake,Stonefly Larva
The Unconditional,370,The Azim Steppe,Dotharl Khaa,Stonefly Larva
Timeworn Leather Map,40,Coerthas Central Highlands,Exploratory Ice Hole,Topwater Frog
Timeworn Goatskin Map,40,Western Thanalan,Cape Westwind,Lugworm
Timeworn Toadskin Map,40,Mor Dhona,Rathefrost,Sinking Minnow
Timeworn Boarskin Map,40,Mor Dhona,The Tangle,Streamer
Timeworn Peisteskin Map,40,Mor Dhona,The North Shards,Streamer
Timeworn Archaeoskin Map,40,Coerthas Western Highlands,Riversmeet,Stonefly Nymph
Timeworn Wyvernskin Map,40,Dravanian Forelands,The Iron Feast,Goblin Jig
Timeworn Dragonskin Map,40,Dravanian Hinterlands,Middle Thaliak River,Goblin Jig
Timeworn Gaganaskin Map,40,The Azim Steppe,Nem Khaal,Midge Larva
Timeworn Gazelleskin Map,40,The Peaks,The Bull's Bath,Suspending Minnow
Timeworn Gliderskin Map,40,Il Mheg,Central Longmirror Lake,Robber Ball
Timeworn Zonureskin Map,40,The Rak'tika Greatwood,North Lake Tusi Mek'ta,Short Bill Minnow
Eighteyes Eel,290,Lakeland,The Rift of Sighs,Fruit Worm
Creamy Oyster,400,Kholusia,The Western Kholusian Coast,Moyebi Shrimp
Brightmirror,406,Il Mheg,The Spoiled One,Fruit Worm
Amber Monkfish,415,Amh Araeng,The Hills of Amber,Desert Dessert Frog
Calico Trout,406,Il Mheg,Longmirror Lake,Fruit Worm
Prospero Eel,430,The Tempest,The Norvrandt Slope,Moyebi Shrimp
Crystarium Tetra,395,The Crystarium,Crystarium Personal Suites,Fruit Worm
Laxan Carp,390,The Crystarium,Crystarium Personal Suites,Fruit Worm
Asteroidea,390,The Crystarium,The Trivium,Fruit Worm
Jacketed Snail,395,The Crystarium,The Trivium,Fruit Worm
Lover's Flower,395,The Crystarium,The Trivium,Fruit Worm
Sinspitter,395,The Crystarium,The Quadrivium,Fruit Worm
Wandering Catfish,400,The Crystarium,The Quadrivium,Fruit Worm
Crystal Knife,390,The Crystarium,The Trivium,Fruit Worm
Skeletonfish,400,The Crystarium,Crystarium Personal Suites,Fruit Worm
Milky Coral,395,Eulmore - The Canopy,The Derelicts,Moyebi Shrimp
Gravel Mussel,395,Eulmore - The Canopy,The Derelicts,Moyebi Shrimp
Crimson Sea Spider,400,Eulmore - The Canopy,The Derelicts,Moyebi Shrimp
Bonefish,395,Eulmore - The Canopy,The Derelicts,Moyebi Shrimp
Eulmore Butterfly,403,Eulmore - The Canopy,The Derelicts,Moyebi Shrimp
Red Hammerhead,403,Eulmore - The Canopy,The Derelicts,Moyebi Shrimp
Hard Candy,390,Lakeland,The Rift of Sighs,Fruit Worm
Water Ball,390,Lakeland,The Rift of Sighs,Fruit Worm
Abyssal Snail,390,Lakeland,The Rift of Sighs,Fruit Worm
Clean Saucer,390,Lakeland,The Source,Fruit Worm
Rabbit Skipper,390,Lakeland,The Source,Fruit Worm
Xanthic Bass,390,Lakeland,The Source,Fruit Worm
Albino Caiman,390,Lakeland,The Rift of Sighs,Fruit Worm
Platinum Guppy,420,Lakeland,The Rusted Reservoir,Box of Baitbugs
Misty Killifish,395,Lakeland,The Rusted Reservoir,Fruit Worm
Albino Rock Crab,395,Lakeland,The Source,Fruit Worm
Snakeskin Discus,395,Lakeland,Sullen,Fruit Worm
Albino Garfish,403,Lakeland,The Isle of Ken,Robber Ball
Vicejaw,406,Lakeland,The Isle of Ken,Robber Ball
Skulleater,390,Kholusia,Sharptongue Drip,Robber Ball
Toffee Snail,390,Kholusia,Lower Watts River,Robber Ball
Watts Trout,390,Kholusia,Lower Watts River,Robber Ball
Hucho Taimen,412,Kholusia,Upper Watts River,Robber Ball
Winged Hatchetfish,415,Kholusia,Upper Watts River,Robber Ball
Noble's Fan,395,Kholusia,White Oil Falls,Robber Ball
Zebra Catfish,395,Kholusia,Lower Watts River,Fruit Worm
Sepia Sole,395,Kholusia,Sharptongue Drip,Fruit Worm
Shellfracture Kelp,390,Kholusia,The Western Kholusian Coast,Moyebi Shrimp
Blood Cloud,390,Kholusia,The Eastern Kholusian Coast,Moyebi Shrimp
Kholusian Flounder,390,Kholusia,The Western Kholusian Coast,Moyebi Shrimp
South Kholusian Cod,390,Kholusia,The Eastern Kholusian Coast,Moyebi Shrimp
Razorfish,395,Kholusia,The Western Kholusian Coast,Moyebi Shrimp
Rose Shrimp,415,Kholusia,The Western Kholusian Coast,Short Bill Minnow
Shapeshifter,403,Kholusia,Seagazer Shoals,Moyebi Shrimp
Minstrelfish,406,Kholusia,Seagazer Shoals,Moyebi Shrimp
Kholusian Wrasse,395,Kholusia,The Eastern Kholusian Coast,Spearhead Squid
Weedy Seadragon,395,Kholusia,The Eastern Kholusian Coast,Moyebi Shrimp
Henodus,420,Kholusia,The Eastern Kholusian Coast,Spearhead Squid
Spearhead Squid,395,Kholusia,The Eastern Kholusian Coast,Short Bill Minnow
Shadow Crab,395,Amh Araeng,The River of Sand,Desert Dessert Frog
Desert Dustfish,395,Amh Araeng,The Hills of Amber,Desert Dessert Frog
Hornhelm,400,Amh Araeng,The River of Sand,Desert Dessert Frog
Web-footed Sand Gecko,400,Amh Araeng,The River of Sand,Desert Dessert Frog
Sand Egg,390,Amh Araeng,The River of Sand,Desert Dessert Frog
Amber Lamprey,395,Amh Araeng,The Nabaath Severance,Desert Dessert Frog
Desert Saw,415,Amh Araeng,The Nabaath Severance,Strip of Jerked Ovim
Garik Crab,409,Amh Araeng,The Hills of Amber,Desert Dessert Frog
Nabaath Manta,412,Amh Araeng,The Hills of Amber,Web-footed Sand Gecko
Thorned Lizard,420,Amh Araeng,The Hills of Amber,Web-footed Sand Gecko
Spotted Blue-eye,403,Il Mheg,The Jealous One,Marble Nymph
Official Ball,400,Il Mheg,Longmirror Lake,Marble Nymph
Grey Skipper,400,Il Mheg,Handmirror Lake,Marble Nymph
Pixie Fish,400,Il Mheg,Handmirror Lake,Marble Nymph
Blood-eyed Frog,403,Il Mheg,Saint Fathric's Temple,Marble Nymph
Cherry Herring,400,Il Mheg,The Spoiled One,Marble Nymph
Wimple Carp,406,Il Mheg,Handmirror Lake,Marble Nymph
Lemonfish,403,Il Mheg,Handmirror Lake,Marble Nymph
Rebel,403,Il Mheg,Longmirror Lake,Marble Nymph
Wild Red Betta,403,Il Mheg,Longmirror Lake,Marble Nymph
Spotted Ctenopoma,406,Il Mheg,The Haughty One,Marble Nymph
Cerulean Loach,400,Il Mheg,Longmirror Lake,Marble Nymph
Golden Lobster,403,Il Mheg,Saint Fathric's Temple,Marble Nymph
Toadhead,420,Il Mheg,Father Collard's Failings,Box of Baitbugs
Clawbow,403,The Rak'tika Greatwood,Lake Tusi Mek'ta,Robber Ball
Black Tri-star,412,The Rak'tika Greatwood,The Rotzatl,Robber Ball
Robber Crab,406,The Rak'tika Greatwood,Lake Tusi Mek'ta,Robber Ball
Darkroot,406,The Rak'tika Greatwood,The Red Chalice,Robber Ball
Yellow Pipira,403,The Rak'tika Greatwood,Lake Tusi Mek'ta,Robber Ball
Oathfish,403,The Rak'tika Greatwood,The Red Chalice,Robber Ball
Night's Bass,406,The Rak'tika Greatwood,The Rotzatl,Robber Ball
Rak'tika Trout,406,The Rak'tika Greatwood,The Rotzatl,Robber Ball
Clown Tetra,409,The Rak'tika Greatwood,Lake Tusi Mek'ta,Robber Ball
Eryops,409,The Rak'tika Greatwood,Lake Tusi Mek'ta,Clown Tetra
Diamond Pipira,409,The Rak'tika Greatwood,The Red Chalice,Robber Ball
Silver Kitten,412,The Rak'tika Greatwood,South Mjrl's Regret,Robber Ball
Darkdweller,420,The Rak'tika Greatwood,Woven Oath,Box of Baitbugs
Deep Purple Coral,418,The Tempest,Where the Dry Return,Short Bill Minnow
Sycorax,412,The Tempest,Pupure,Short Bill Minnow
Stormfish,412,The Tempest,Northwest Caliban Gorge,Short Bill Minnow
Azure Sea Spider,415,The Tempest,Pupure,Short Bill Minnow
Caliban,418,The Tempest,Northwest Caliban Gorge,Short Bill Minnow
Hoodwinker,420,The Tempest,Northwest Caliban Gorge,Short Bill Minnow
Bubble Angler,420,The Tempest,The Flounder's Floor,Short Bill Minnow
Ondo Harpoon,420,The Tempest,The Flounder's Floor,Short Bill Minnow
Ondobane,420,The Tempest,Where the Dry Return,Short Bill Minnow
Stippled Eel,418,The Tempest,Where the Dry Return,Short Bill Minnow
Seatrap,420,The Tempest,Northwest Caliban Gorge,Short Bill Minnow
Ancient Shrimp,418,The Tempest,West Caliban Gap,Squid Strip
Yeti Crab,420,The Tempest,West Caliban Gap,Ancient Shrimp
Aapoak,420,The Tempest,West Caliban Gap,Ancient Shrimp
Cyan Sea Devil,418,The Tempest,East Caliban Gap,Short Bill Minnow
Pancake Octopus,420,The Tempest,East Caliban Gap,Short Bill Minnow
Maneater Clam,415,The Tempest,Pupure,Short Bill Minnow
Stargazer,420,The Tempest,Pupure,Short Bill Minnow
Sweetflesh Oyster,418,The Tempest,The Norvrandt Slope,Short Bill Minnow
Rainbow Shrimp,420,The Tempest,The Norvrandt Slope,Short Bill Minnow
Predator,420,The Tempest,The Norvrandt Slope,Short Bill Minnow
Loose Pendant,440,The Crystarium,Crystarium Personal Suites,Box of Baitbugs
Winged Dame,440,Eulmore - The Canopy,The Derelicts,Squid Strip
Laxan Inkhorn,290,Lakeland,The Source,Metal Spinner
The Unforgiven,440,Lakeland,The Source,Box of Baitbugs
White Oil Perch,300,Kholusia,White Oil Falls,Metal Spinner
Kholusian King Crab,400,Kholusia,The Western Kholusian Coast,Metal Spinner
Bronze Sole,440,Kholusia,Sharptongue Drip,Marble Nymph
Areng Dire,395,Amh Araeng,The Nabaath Severance,Metal Spinner
The Horned King,440,Amh Araeng,The River of Sand,Hornhelm
Faeshine Clam,390,Il Mheg,Handmirror Lake,Metal Spinner
The Sound of Fury,440,Il Mheg,Longmirror Lake,Box of Baitbugs
The Priest of Yx'Lokwa,440,The Rak'tika Greatwood,Lake Tusi Mek'ta,Eryops
Starchaser,440,The Tempest,Purpure,Squid Strip
Sweetmeat Mussel,440,The Tempest,Northwest Caliban Gorge,Squid Strip

Wentletrap,205,The Ruby Sea,Tamamizu,Small
Black Boxfish,205,The Ruby Sea,Ruby Price Depths,Normal
Glass Manta,205,The Ruby Sea,Tamamizu,Large
Regal Silverside,205,The Ruby Sea,Sui-no-Sato,Normal
Snowflake Moray,205,The Ruby Sea,Shisui of the Violet Tides,Normal
Hoppfish,205,Yanxia,The One River Southwestern Riverbeds,Large
Lightscale,205,Yanxia,The One River Southwestern Riverbeds,Large
Grass Fugu,205,Yanxia,Imperial Hypersonic Assault Craft L-XXIII,Normal
Giant Eel,205,Yanxia,The One River Southern Riverbeds,Large
Kamina Crab,205,Yanxia,Imperial Hypersonic Assault Craft L-XXIII,Large
Spider Crab,210,The Ruby Sea,Ruby Price Depths,Large
Little Dragonfish,210,The Ruby Sea,Sui-no-Sato,Large
Black Fanfish,210,The Ruby Sea,Shisui of the Violet Tides,Large
Zebra Shark,210,The Ruby Sea,The Adventure,Large
Nophica's Comb,210,The Ruby Sea,Shisui of the Violet Tides,Large
Warty Wartfish,210,Yanxia,The One River Southwestern Riverbeds,Normal
Common Whelk,210,Yanxia,The One River Southern Riverbeds,Small
Hairless Barb,210,Yanxia,Imperial Hypersonic Assault Craft L-XXIII,Large
Hatchetfish,215,The Ruby Sea,Ruby Price Depths,Small
Threadfish,215,The Ruby Sea,Ruby Price Depths,Normal
Garden Eel,215,The Ruby Sea,Tamamizu,Small
Eastern Sea Pickle,215,The Ruby Sea,Sui-no-Sato,Small
Brindlebass,215,The Ruby Sea,The Adventure,Large
Demon Stonefish,215,The Ruby Sea,Shisui of the Violet Tides,Normal
Armored Crayfish,215,Yanxia,The One River Southern Riverbeds,Small
Bighead Carp,215,Yanxia,The One River Southern Riverbeds,Large
Zeni Clam,215,Yanxia,Imperial Hypersonic Assault Craft L-XXIII,Small
Corpse-Eater,220,The Ruby Sea,Ruby Price Depths,Large
Ronin Trevally,220,The Ruby Sea,Tamamizu,Large
Toothsome Grouper,220,The Ruby Sea,Sui-no-Sato,Large
Horned Turban,220,Yanxia,The Adventure,Small
Ruby Sea Star,220,The Ruby Sea,Shisui of the Violet Tides,Small
Gauntlet Crab,220,Yanxia,The One River Southwestern Riverbeds,Small
Hermit Goby,220,Yanxia,The One River Southern Riverbeds,Normal
Skythorn,220,Yanxia,Imperial Hypersonic Assault Craft L-XXIII,Large
Swordtip,225,The Ruby Sea,Tamamizu,Normal
False Scad,225,The Ruby Sea,Sui-no-Sato,Normal
Snow Crab,225,The Ruby Sea,The Adventure,Normal
Red-Eyed Lates,225,The Ruby Sea,Shisui of the Violet Tides,Large
Common Bitterling,225,Yanxia,The One River Southwestern Riverbeds,Normal
Fifty-Summer Cod,225,Yanxia,The One River Southwestern Riverbeds,Large
Nagxian Mullet,225,Yanxia,Imperial Hypersonic Assault Craft L-XXIII,Normal
Redcoat,230,The Ruby Sea,The Kobayashi Maru,Normal
Yanxian Tiger Prawn,230,Yanxia,The Sunken Jink,Large
Tengu Fan,230,Yanxia,The Sunken Jink,Normal
Star Turban,230,Yanxia,The Dragon's Struggle,Small
Blue-Fish,230,Yanxia,The Dragon's Struggle,Large
Steppe Bullfrog,230,The Azim Steppe,Azim Khaat Western Lakebed,Small
Cavalry Catfish,230,The Azim Steppe,Azim Khaat Western Lakebed,Large
Redfin,230,The Azim Steppe,Azim Khaat Eastern Lakebed,Normal
Moondisc,230,The Lochs,Loch Seld Northwestern Lakebed,Large
Bleached Bonytongue,230,The Lochs,Loch Seld Northwestern Lakebed,Large
Salt Shark,230,The Lochs,Loch Seld Central Lakebed,Normal
King's Mantle,230,The Lochs,Loch Seld Southeastern Lakebed,Large
Sea Lamp,245,The Ruby Sea,The Kobayashi Maru,Small
Amberjack,245,The Ruby Sea,The Kobayashi Maru,Large
Cherry Salmon,245,Yanxia,The Sunken Jink,Large
Yu-No-Hana Crab,245,Yanxia,The Dragon's Struggle,Normal
Dotharli Gudgeon,245,The Azim Steppe,Azim Khaat Western Lakebed,Normal
River Clam,245,The Azim Steppe,Azim Khaat Eastern Lakebed,Small
Grass Shark,245,The Azim Steppe,Azim Khaat Eastern Lakebed,Large
Typhoon Shrimp,245,The Lochs,Loch Seld Northwestern Lakebed,Normal
Rock Oyster,245,The Lochs,Loch Seld Central Lakebed,Normal
Salt Urchin,245,The Lochs,Loch Seld Southeastern Lakebed,Small
Carpenter Crab,245,The Lochs,Loch Seld Southeastern Lakebed,Normal
Spiny Lobster,260,The Ruby Sea,The Kobayashi Maru,Normal
Mitsukuri Shark,260,The Ruby Sea,Unspoiled Teeming Waters,Large
Doman Bubble Eye,260,Yanxia,The Sunken Jink,Small
Dragon Squeaker,260,Yanxia,The Dragon's Struggle,Small
Dawn Herald,260,The Azim Steppe,Azim Khaat Western Lakebed,Large
Salt Cellar,260,The Lochs,Loch Seld Northwestern Lakebed,Small
White Sturgeon,260,The Lochs,Loch Seld Central Lakebed,Large
Tithe Collector,260,The Lochs,Loch Seld Southeastern Lakebed,Large
Bashful Batfish,275,The Ruby Sea,The Kobayashi Maru,Smalll
River Bream,275,Yanxia,The Sunken Jink,Normal
Snipe Eel,275,Yanxia,The Dragon's Struggle,Large
Cherubfish,275,Yanxia,Unspoiled Teeming Waters,Normal
Dusk Herald,275,The Azim Steppe,Azim Khaat Western Lakebed,Normal
Glaring Perch,275,The Azim Steppe,Azim Khaat Eastern Lakebed,Large
Abalathian Pipira,275,The Lochs,Lock Seld Northwestern Lakebed,Normal
Steel Loach,275,The Lochs,Loch Seld Central Lakebed,Small
Ivory Sole,275,The Lochs,Loch Seld Southeastern Lakebed,Normal
Motley Beakfish,290,The Ruby Sea,The Kobayashi Maru,Large
Thousandfang,290,The Ruby Sea,Unspoiled Teeming Waters,Large
Ichthyosaur,290,Yanxia,The Sunken Jink,Large
Sailfin,290,Yanxia,The Dragon's Struggle,Normal
Fangshi,290,Yanxia,Unspoiled Teeming Waters,Normal
Flamefish,290,The Azim Steppe,Azim Khaat Western Lakebed,Large
Fickle Krait,290,The Azim Steppe,Azim Khaat Eastern Lakebed,Normal
Eternal Eye,275,The Azim Steppe,Unspoiled Teeming Waters,Small
Soul of the Stallion,290,The Azim Steppe,Unspoiled Teeming Waters,Small
Flood Tuna,290,The Lochs,Loch Seld Northwestern Lakebed,Large
Mercenary Crab,290,The Lochs,Loch Seld Central Lakebed,Normal
Ashfish,290,The Lochs,Loch Seld Southeastern Lakebed,Small
Silken Sunfish,275,The Lochs,Unspoiled Teeming Waters,Large
Mosasaur,290,The Lochs,Unspoiled Teeming Waters,Large
Tiny Tatsunoko,70,The Ruby Sea,Unspoiled Teeming Waters,Large
Ichimonji,300,The Ruby Sea,The Kobayashi Maru,Large
Snailfish,300,The Ruby Sea,Unspoiled Teeming Waters,Normal
Grey Carp,390,Lakeland,The Isle of Ken,Large
Lilac Goby,390,Lakeland,Northeast Source,Small
Purple Ghost,390,Lakeland,Northeast Source,Small
Lakelouse,390,Lakeland,Northeast Source,Normal
Gazing Glass,390,Lakeland,Northeast Source,Normal
Source Octopus,395,Lakeland,Northeast Source,Large
Elven Spear,390,Lakeland,Northeast Source,Large
Shade Gudgeon,395,Lakeland,The Isle of Ken,Small
Lakethistle,395,Lakeland,The Isle of Ken,Normal
Platinum Bream,395,Lakeland,The Isle of Ken,Normal
Wardenfish,400,Lakeland,The Isle of Ken,Large
Finned Eggplant,395,Lakeland,The Isle of Ken,Large
Skykisser,390,Lakeland,Southeast Source,Small
Viola Clam,390,Lakeland,Southeast Source,Small
Geayi,395,Lakeland,Southeast Source,Normal
Noblefish,395,Lakeland,Southeast Source,Normal
Misteye,400,Lakeland,Southeast Source,Large
Lakeland Cod,390,Lakeland,Southeast Source,Small
Little Bismarck,403,Lakeland,Southeast Source,Large
Bothriolepis,406,Lakeland,Southeast Source,Large
Big-eye,409,Il Mheg,South Longmirror Lake,Normal
Jenanna's Tear,400,Il Mheg,North Lyhe Ghiah,Large
Daisy Turban,403,Il Mheg,North Lyhe Ghiah,Small
Shade Axolotl,400,Il Mheg,North Lyhe Ghiah,Normal
Little Flirt,403,Il Mheg,North Lyhe Ghiah,Normal
Peallaidh,403,Il Mheg,North Lyhe Ghiah,Large
Voeburt Bichir,406,Il Mheg,North Lyhe Ghiah,Large
Poecilia,406,Il Mheg,Deepwood Swim,Small
Gilded Batfish,403,Il Mheg,Deepwood Swim,Small
Petalfish,406,Il Mheg,Deepwood Swim,Normal
Mirrorfish,403,Il Mheg,Deepwood Swim,Small
Glass Eel,390,Il Mheg,Deepwood Swim,Large
Voeburt Salamander,406,Il Mheg,Deepwood Swim,Large
Bedskipper,409,Il Mheg,Central Longmirror Lake,Small
Dandyfish,409,Il Mheg,Central Longmirror Lake,Small
Sauldia Ruby,412,Il Mheg,Central Longmirror Lake,Normal
Mock Pixie,409,Il Mheg,Central Longmirror Lake,Normal
Hunter's Arrow,409,The Lochs,Unspoiled Teeming Waters,Large
Fuathgobbler,409,The Lochs,Unspoiled Teeming Waters,Normal
Paradise Crab,409,Il Mheg,Thysm Lran,Small
Saint Fathric's Ire,409,Il Mheg,Thysm Lran,Small
Queensgown,409,Il Mheg,Thysm Lran,Normal
Flowering Kelpie,412,Il Mheg,Thysm Lran,Normal
Ghoulfish,412,Il Mheg,Thysm Lran,Large
Measan Deala,412,Il Mheg,Thysm Lran,Small
Dohn Horn,409,Il Mheg,South Longmirror Lake,Small
Aquabloom,415,Il Mheg,South Longmirror Lake,Small
Jester Fish,415,Il Mheg,South Longmirror Lake,Normal
Blue Lightning,415,Il Mheg,South Longmirror Lake,Large
Maidenhair,415,Il Mheg,South Longmirror Lake,Large
Blue Mountain Bubble,420,Il Mheg,Central Longmirror Lake,Normal
Elder Pixie,418,Il Mheg,Central Longmirror Lake,Normal
Ankle Snipper,409,The Rak'tika Greatwood,North Lake Tusi Mek'ta,Small
Treescale,409,The Rak'tika Greatwood,North Lake Tusi Mek'ta,Small
Ronkan Pleco,409,The Rak'tika Greatwood,North Lake Tusi Mek'ta,Small
Gourmand Crab,409,The Rak'tika Greatwood,North Lake Tusi Mek'ta,Normal
Gatorl's Bead,418,The Rak'tika Greatwood,North Lake Tusi Mek'ta,Large
Diamondtongue,420,The Rak'tika Greatwood,North Lake Tusi Mek'ta,Large
Hermit's Hood,415,The Rak'tika Greatwood,The Covered Halls of Dwatl,Normal
Hermit Crab,418,The Rak'tika Greatwood,The Covered Halls of Dwatl,Small
Megapiranha,415,The Rak'tika Greatwood,The Covered Halls of Dwatl,Normal
Everdark Bass,412,The Rak'tika Greatwood,The Covered Halls of Dwatl,Normal
Lozatl Pirarucu,418,The Rak'tika Greatwood,The Covered Halls of Dwatl,Large
Anpa's Handmade,420,The Rak'tika Greatwood,The Covered Halls of Dwatl,Large
Viis Ear,420,The Rak'tika Greatwood,North Lake Tusi Mek'ta,Small
Rak'tika Goby,418,The Rak'tika Greatwood,North Lake Tusi Mek'ta,Small